{
    "HR": [
        "benefits",
        "business",
        "city",
        "company",
        "development",
        "employee",
        "employees",
        "hr",
        "human",
        "management",
        "new",
        "payroll",
        "performance",
        "policies",
        "process",
        "recruitment",
        "resources",
        "skills",
        "state",
        "training"
    ],
    "DESIGNER": [
        "city",
        "company",
        "customer",
        "design",
        "designer",
        "development",
        "experience",
        "graphic",
        "management",
        "marketing",
        "new",
        "product",
        "project",
        "projects",
        "sales",
        "skills",
        "state",
        "team",
        "training",
        "work"
    ],
    "INFORMATION-TECHNOLOGY": [
        "business",
        "city",
        "company",
        "data",
        "development",
        "information",
        "management",
        "microsoft",
        "network",
        "new",
        "project",
        "security",
        "server",
        "software",
        "state",
        "support",
        "systems",
        "technical",
        "technology",
        "windows"
    ],
    "TEACHER": [
        "activities",
        "children",
        "city",
        "classroom",
        "company",
        "development",
        "education",
        "experience",
        "learning",
        "management",
        "plans",
        "school",
        "skills",
        "state",
        "student",
        "students",
        "teacher",
        "teaching",
        "university",
        "work"
    ],
    "ADVOCATE": [
        "advocate",
        "care",
        "city",
        "clients",
        "company",
        "customer",
        "customers",
        "experience",
        "information",
        "management",
        "new",
        "office",
        "sales",
        "service",
        "services",
        "skills",
        "staff",
        "state",
        "team",
        "training"
    ],
    "BUSINESS-DEVELOPMENT": [
        "business",
        "city",
        "client",
        "clients",
        "company",
        "customer",
        "developed",
        "development",
        "experience",
        "management",
        "manager",
        "market",
        "marketing",
        "new",
        "sales",
        "service",
        "skills",
        "state",
        "team",
        "training"
    ],
    "HEALTHCARE": [
        "business",
        "care",
        "city",
        "company",
        "customer",
        "data",
        "health",
        "healthcare",
        "information",
        "management",
        "medical",
        "new",
        "patient",
        "patients",
        "sales",
        "service",
        "services",
        "skills",
        "state",
        "team"
    ],
    "FITNESS": [
        "business",
        "city",
        "company",
        "customer",
        "experience",
        "fitness",
        "health",
        "management",
        "manager",
        "members",
        "new",
        "personal",
        "professional",
        "sales",
        "service",
        "skills",
        "staff",
        "state",
        "team",
        "training"
    ],
    "AGRICULTURE": [
        "agriculture",
        "city",
        "company",
        "data",
        "development",
        "education",
        "experience",
        "management",
        "office",
        "professional",
        "program",
        "project",
        "research",
        "science",
        "skills",
        "state",
        "team",
        "training",
        "university",
        "work"
    ],
    "BPO": [
        "business",
        "city",
        "client",
        "company",
        "customer",
        "experience",
        "management",
        "network",
        "new",
        "office",
        "operations",
        "performance",
        "process",
        "sales",
        "service",
        "skills",
        "state",
        "support",
        "team",
        "training"
    ],
    "SALES": [
        "business",
        "cash",
        "city",
        "company",
        "customer",
        "customers",
        "experience",
        "high",
        "management",
        "manager",
        "new",
        "product",
        "sales",
        "service",
        "skills",
        "state",
        "store",
        "team",
        "training",
        "work"
    ],
    "CONSULTANT": [
        "business",
        "city",
        "client",
        "company",
        "consultant",
        "customer",
        "data",
        "developed",
        "development",
        "experience",
        "management",
        "new",
        "project",
        "sales",
        "skills",
        "state",
        "support",
        "systems",
        "team",
        "training"
    ],
    "DIGITAL-MEDIA": [
        "business",
        "city",
        "client",
        "clients",
        "company",
        "content",
        "customer",
        "development",
        "digital",
        "management",
        "marketing",
        "media",
        "new",
        "product",
        "project",
        "sales",
        "skills",
        "social",
        "state",
        "team"
    ],
    "AUTOMOBILE": [
        "business",
        "city",
        "claims",
        "company",
        "customer",
        "customers",
        "data",
        "development",
        "experience",
        "information",
        "management",
        "project",
        "sales",
        "service",
        "services",
        "skills",
        "state",
        "support",
        "team",
        "training"
    ],
    "CHEF": [
        "chef",
        "city",
        "company",
        "culinary",
        "customer",
        "food",
        "high",
        "kitchen",
        "management",
        "menu",
        "new",
        "quality",
        "restaurant",
        "service",
        "skills",
        "staff",
        "state",
        "team",
        "training",
        "work"
    ],
    "FINANCE": [
        "accounting",
        "accounts",
        "analysis",
        "budget",
        "business",
        "city",
        "company",
        "finance",
        "financial",
        "management",
        "manager",
        "monthly",
        "office",
        "process",
        "reporting",
        "reports",
        "sales",
        "skills",
        "state",
        "team"
    ],
    "APPAREL": [
        "business",
        "city",
        "company",
        "customer",
        "customers",
        "design",
        "development",
        "inventory",
        "management",
        "manager",
        "marketing",
        "new",
        "product",
        "sales",
        "service",
        "skills",
        "state",
        "store",
        "team",
        "work"
    ],
    "ENGINEERING": [
        "city",
        "company",
        "design",
        "development",
        "engineering",
        "equipment",
        "experience",
        "management",
        "manufacturing",
        "new",
        "process",
        "product",
        "project",
        "quality",
        "skills",
        "software",
        "state",
        "systems",
        "team",
        "work"
    ],
    "ACCOUNTANT": [
        "account",
        "accountant",
        "accounting",
        "accounts",
        "analysis",
        "business",
        "cash",
        "city",
        "company",
        "financial",
        "general",
        "ledger",
        "management",
        "monthly",
        "payroll",
        "reporting",
        "reports",
        "skills",
        "state",
        "tax"
    ],
    "CONSTRUCTION": [
        "building",
        "city",
        "company",
        "construction",
        "design",
        "equipment",
        "experience",
        "management",
        "manager",
        "materials",
        "new",
        "operations",
        "project",
        "projects",
        "safety",
        "site",
        "skills",
        "state",
        "team",
        "work"
    ],
    "PUBLIC-RELATIONS": [
        "business",
        "city",
        "communication",
        "communications",
        "company",
        "development",
        "events",
        "experience",
        "including",
        "management",
        "marketing",
        "media",
        "new",
        "press",
        "public",
        "relations",
        "sales",
        "skills",
        "social",
        "state"
    ],
    "BANKING": [
        "bank",
        "banking",
        "business",
        "city",
        "client",
        "clients",
        "company",
        "customer",
        "development",
        "experience",
        "financial",
        "management",
        "manager",
        "new",
        "project",
        "sales",
        "service",
        "skills",
        "state",
        "team"
    ],
    "ARTS": [
        "arts",
        "city",
        "company",
        "customer",
        "development",
        "education",
        "experience",
        "management",
        "professional",
        "sales",
        "school",
        "service",
        "skills",
        "staff",
        "state",
        "student",
        "students",
        "teacher",
        "team",
        "training"
    ],
    "AVIATION": [
        "aircraft",
        "aviation",
        "city",
        "company",
        "control",
        "customer",
        "equipment",
        "experience",
        "information",
        "maintenance",
        "management",
        "quality",
        "safety",
        "service",
        "skills",
        "state",
        "support",
        "systems",
        "training",
        "work"
    ]
}